iteration,average of f(x),Average derrivative of f(x),2nd derrivative of average of f(x),std of average f(x),average vec. change,loop time
1.000000000000000000e+00,6.648382511872240386e+00,6.317936391508803540e-02,0.000000000000000000e+00,4.411530855713562127e-02,6.219949526215510192e-03,1.198039054870605469e-01
2.000000000000000000e+00,6.415566861757213246e+00,5.180875634033513949e-02,1.137060757475289591e-02,3.562265935898051294e-02,6.154526044184354533e-03,9.904599189758300781e-02
3.000000000000000000e+00,6.204110546518544211e+00,2.640863428160947907e-02,2.540012205872566042e-02,8.569849853046712304e-03,4.741798387223137429e-03,1.027770042419433594e-01
4.000000000000000000e+00,6.043816911882521126e+00,6.885683961594307734e-03,1.952295032001517133e-02,6.710602399493669455e-03,4.717998110208667002e-03,9.661912918090820312e-02
5.000000000000000000e+00,5.978899435048420585e+00,8.611624972119107449e-03,-1.725941010524799715e-03,7.990792361426156398e-03,5.486720311305407285e-03,1.005887985229492188e-01
